date,sales,promo_flag
2022-01-01,5730.35,1
2022-01-02,5158.53,1
2022-01-03,4177.62,1
2022-01-04,2928.61,0
2022-01-05,2932.0,0
2022-01-06,3108.63,0
2022-01-07,3393.06,0
2022-01-08,4049.81,0
2022-01-09,3990.96,0
2022-01-10,3056.64,0
2022-01-11,2934.52,0
2022-01-12,2909.16,0
2022-01-13,3164.96,0
2022-01-14,3765.4,0
2022-01-15,3810.59,0
2022-01-16,3694.96,0
2022-01-17,3302.31,0
2022-01-18,3001.63,0
2022-01-19,2975.62,0
2022-01-20,3232.46,0
2022-01-21,3620.17,0
2022-01-22,4178.59,0
2022-01-23,3872.15,0
2022-01-24,2871.73,0
2022-01-25,2694.21,0
2022-01-26,2883.46,0
2022-01-27,2975.69,0
2022-01-28,3688.57,0
2022-01-29,4129.74,0
2022-01-30,3856.88,0
2022-01-31,3058.18,0
2022-02-01,3254.75,0
2022-02-02,2950.09,0
2022-02-03,3303.48,0
2022-02-04,3393.69,0
2022-02-05,4024.92,0
2022-02-06,3804.91,0
2022-02-07,3380.21,0
2022-02-08,2960.81,0
2022-02-09,2972.52,0
2022-02-10,3028.01,0
2022-02-11,3489.7,0
2022-02-12,4465.7,0
2022-02-13,3676.05,0
2022-02-14,2956.25,0
2022-02-15,4893.77,1
2022-02-16,3239.74,0
2022-02-17,3434.53,0
2022-02-18,3933.22,0
2022-02-19,4283.17,0
2022-02-20,3987.43,0
2022-02-21,2847.43,0
2022-02-22,3133.99,0
2022-02-23,3009.86,0
2022-02-24,3171.86,0
2022-02-25,3356.19,0
2022-02-26,3961.22,0
2022-02-27,3845.11,0
2022-02-28,3337.53,0
2022-03-01,2922.11,0
2022-03-02,3139.38,0
2022-03-03,3641.43,0
2022-03-04,4345.08,0
2022-03-05,4791.04,0
2022-03-06,3874.5,0
2022-03-07,2895.62,0
2022-03-08,3409.95,0
2022-03-09,3298.75,0
2022-03-10,3359.32,0
2022-03-11,4246.73,0
2022-03-12,4952.1,0
2022-03-13,4428.29,0
2022-03-14,3472.3,0
2022-03-15,5219.26,1
2022-03-16,4192.3,1
2022-03-17,3890.55,0
2022-03-18,4254.85,0
2022-03-19,4807.87,0
2022-03-20,3879.63,0
2022-03-21,3302.2,0
2022-03-22,3529.4,0
2022-03-23,3095.73,0
2022-03-24,3584.18,0
2022-03-25,4283.97,0
2022-03-26,4306.84,0
2022-03-27,4841.32,0
2022-03-28,3557.67,0
2022-03-29,3339.93,0
2022-03-30,3552.12,0
2022-03-31,3777.47,0
2022-04-01,4305.72,0
2022-04-02,5290.23,0
2022-04-03,4489.33,0
2022-04-04,3555.74,0
2022-04-05,3791.88,0
2022-04-06,3695.39,0
2022-04-07,3646.51,0
2022-04-08,4531.95,0
2022-04-09,5402.33,0
2022-04-10,4564.58,0
2022-04-11,3355.18,0
2022-04-12,3551.22,0
2022-04-13,3668.09,0
2022-04-14,3793.07,0
2022-04-15,4400.49,0
2022-04-16,4383.27,0
2022-04-17,4482.48,0
2022-04-18,3808.74,0
2022-04-19,3834.76,0
2022-04-20,3904.31,0
2022-04-21,3954.64,0
2022-04-22,4352.57,0
2022-04-23,5043.02,0
2022-04-24,4882.5,0
2022-04-25,3642.43,0
2022-04-26,3662.93,0
2022-04-27,3852.73,0
2022-04-28,3886.9,0
2022-04-29,4527.88,0
2022-04-30,5183.39,0
2022-05-01,5585.01,0
2022-05-02,3963.21,0
2022-05-03,3707.02,0
2022-05-04,3845.31,0
2022-05-05,4101.04,0
2022-05-06,4825.17,0
2022-05-07,5186.89,0
2022-05-08,5115.35,0
2022-05-09,4329.67,0
2022-05-10,3229.4,0
2022-05-11,3679.65,0
2022-05-12,4177.55,0
2022-05-13,4695.9,0
2022-05-14,5386.63,0
2022-05-15,6848.12,1
2022-05-16,5998.37,1
2022-05-17,3701.52,0
2022-05-18,3934.65,0
2022-05-19,4074.48,0
2022-05-20,4583.54,0
2022-05-21,4455.46,0
2022-05-22,4884.44,0
2022-05-23,4162.08,0
2022-05-24,3571.7,0
2022-05-25,3954.95,0
2022-05-26,4380.56,0
2022-05-27,4852.58,0
2022-05-28,5822.54,0
2022-05-29,4532.15,0
2022-05-30,3853.58,0
2022-05-31,3774.39,0
2022-06-01,4339.05,0
2022-06-02,4650.41,0
2022-06-03,4079.07,0
2022-06-04,5997.18,0
2022-06-05,4854.86,0
2022-06-06,4317.02,0
2022-06-07,3695.36,0
2022-06-08,4240.19,0
2022-06-09,4692.21,0
2022-06-10,4833.4,0
2022-06-11,5712.1,0
2022-06-12,5588.6,0
2022-06-13,4195.51,0
2022-06-14,4050.01,0
2022-06-15,4596.48,0
2022-06-16,7963.55,1
2022-06-17,4837.7,0
2022-06-18,5507.05,0
2022-06-19,5520.75,0
2022-06-20,4197.46,0
2022-06-21,4245.05,0
2022-06-22,4322.84,0
2022-06-23,4760.95,0
2022-06-24,5365.23,0
2022-06-25,5300.31,0
2022-06-26,4902.8,0
2022-06-27,4233.7,0
2022-06-28,4129.29,0
2022-06-29,4134.22,0
2022-06-30,4110.35,0
2022-07-01,4500.36,0
2022-07-02,5982.36,0
2022-07-03,4996.28,0
2022-07-04,4158.99,0
2022-07-05,4249.89,0
2022-07-06,4428.31,0
2022-07-07,4322.31,0
2022-07-08,5335.97,0
2022-07-09,4988.21,0
2022-07-10,5288.02,0
2022-07-11,4494.07,0
2022-07-12,4627.61,0
2022-07-13,4246.14,0
2022-07-14,4644.4,0
2022-07-15,8203.75,1
2022-07-16,6303.9,0
2022-07-17,6071.0,0
2022-07-18,4726.3,0
2022-07-19,4208.79,0
2022-07-20,4202.36,0
2022-07-21,4870.52,0
2022-07-22,5148.17,0
2022-07-23,5964.43,0
2022-07-24,6069.1,0
2022-07-25,4292.37,0
2022-07-26,3680.22,0
2022-07-27,4310.19,0
2022-07-28,4092.39,0
2022-07-29,5381.05,0
2022-07-30,6052.1,0
2022-07-31,5403.37,0
2022-08-01,4251.17,0
2022-08-02,4371.02,0
2022-08-03,4324.14,0
2022-08-04,4848.34,0
2022-08-05,4984.05,0
2022-08-06,6154.06,0
2022-08-07,5960.15,0
2022-08-08,4679.32,0
2022-08-09,4007.93,0
2022-08-10,4545.37,0
2022-08-11,3998.07,0
2022-08-12,4692.14,0
2022-08-13,5126.56,0
2022-08-14,5839.96,0
2022-08-15,3974.19,0
2022-08-16,5796.93,1
2022-08-17,4340.56,0
2022-08-18,4541.46,0
2022-08-19,5090.77,0
2022-08-20,5624.41,0
2022-08-21,4981.83,0
2022-08-22,4362.95,0
2022-08-23,3992.81,0
2022-08-24,4264.45,0
2022-08-25,4189.76,0
2022-08-26,5005.89,0
2022-08-27,5883.39,0
2022-08-28,5369.57,0
2022-08-29,4126.42,0
2022-08-30,4145.48,0
2022-08-31,4282.99,0
2022-09-01,4676.92,0
2022-09-02,4364.58,0
2022-09-03,5454.91,0
2022-09-04,5214.05,0
2022-09-05,3500.39,0
2022-09-06,3641.98,0
2022-09-07,4198.76,0
2022-09-08,3952.56,0
2022-09-09,4731.69,0
2022-09-10,5365.41,0
2022-09-11,4867.83,0
2022-09-12,3775.52,0
2022-09-13,3903.91,0
2022-09-14,4449.35,0
2022-09-15,4129.27,0
2022-09-16,4736.64,0
2022-09-17,5932.8,0
2022-09-18,5764.18,0
2022-09-19,3896.48,0
2022-09-20,4051.8,0
2022-09-21,4202.27,0
2022-09-22,4192.35,0
2022-09-23,4813.32,0
2022-09-24,5535.31,0
2022-09-25,5342.38,0
2022-09-26,3864.8,0
2022-09-27,3619.22,0
2022-09-28,4234.33,0
2022-09-29,4209.17,0
2022-09-30,4699.75,0
2022-10-01,5429.38,0
2022-10-02,6045.46,0
2022-10-03,4802.24,0
2022-10-04,4460.84,0
2022-10-05,4390.51,0
2022-10-06,4888.05,0
2022-10-07,5055.8,0
2022-10-08,4879.91,0
2022-10-09,5710.86,0
2022-10-10,4468.13,0
2022-10-11,4164.27,0
2022-10-12,4150.78,0
2022-10-13,4775.32,0
2022-10-14,5055.05,0
2022-10-15,9286.73,1
2022-10-16,8066.67,1
2022-10-17,4423.12,0
2022-10-18,4133.62,0
2022-10-19,4782.58,0
2022-10-20,4548.95,0
2022-10-21,5171.35,0
2022-10-22,6629.63,0
2022-10-23,5608.79,0
2022-10-24,4541.43,0
2022-10-25,4302.96,0
2022-10-26,4463.29,0
2022-10-27,4744.32,0
2022-10-28,5241.4,0
2022-10-29,5735.27,0
2022-10-30,5928.06,0
2022-10-31,4635.25,0
2022-11-01,6103.17,0
2022-11-02,5428.41,0
2022-11-03,6005.99,0
2022-11-04,6930.9,0
2022-11-05,8290.09,0
2022-11-06,7051.63,0
2022-11-07,5671.77,0
2022-11-08,5457.18,0
2022-11-09,6280.33,0
2022-11-10,6231.75,0
2022-11-11,6584.26,0
2022-11-12,7867.59,0
2022-11-13,7932.53,0
2022-11-14,5551.04,0
2022-11-15,6186.93,0
2022-11-16,9540.68,1
2022-11-17,5738.55,0
2022-11-18,6850.63,0
2022-11-19,6798.16,0
2022-11-20,7045.27,0
2022-11-21,5733.34,0
2022-11-22,5807.77,0
2022-11-23,5567.36,0
2022-11-24,6029.35,0
2022-11-25,8806.25,1
2022-11-26,7963.59,0
2022-11-27,7514.4,0
2022-11-28,6057.81,0
2022-11-29,5455.19,0
2022-11-30,6396.56,0
2022-12-01,6873.91,0
2022-12-02,8327.1,0
2022-12-03,9243.39,0
2022-12-04,8947.57,0
2022-12-05,6949.03,0
2022-12-06,6540.3,0
2022-12-07,7379.38,0
2022-12-08,7084.86,0
2022-12-09,7529.92,0
2022-12-10,8942.26,0
2022-12-11,7366.92,0
2022-12-12,6816.84,0
2022-12-13,7095.7,0
2022-12-14,7211.34,0
2022-12-15,10326.11,1
2022-12-16,7437.92,0
2022-12-17,8491.28,0
2022-12-18,7224.58,0
2022-12-19,6273.14,0
2022-12-20,10732.96,1
2022-12-21,9511.82,1
2022-12-22,9244.17,1
2022-12-23,11100.28,1
2022-12-24,12720.95,1
2022-12-25,12363.92,1
2022-12-26,11042.69,1
2022-12-27,6415.18,0
2022-12-28,6499.65,0
2022-12-29,7103.39,0
2022-12-30,8287.18,0
2022-12-31,8829.09,0
2023-01-01,6319.61,1
2023-01-02,5393.22,1
2023-01-03,4714.95,1
2023-01-04,3535.17,0
2023-01-05,4240.25,0
2023-01-06,4002.7,0
2023-01-07,4980.52,0
2023-01-08,4732.25,0
2023-01-09,3487.52,0
2023-01-10,3172.97,0
2023-01-11,3566.92,0
2023-01-12,3759.97,0
2023-01-13,4377.74,0
2023-01-14,4970.35,0
2023-01-15,6240.45,1
2023-01-16,4334.82,1
2023-01-17,3563.65,0
2023-01-18,3314.62,0
2023-01-19,3553.02,0
2023-01-20,4114.1,0
2023-01-21,4344.11,0
2023-01-22,4380.14,0
2023-01-23,3085.47,0
2023-01-24,3292.93,0
2023-01-25,3670.74,0
2023-01-26,3829.91,0
2023-01-27,4112.45,0
2023-01-28,4711.03,0
2023-01-29,4128.5,0
2023-01-30,3905.45,0
2023-01-31,3551.16,0
2023-02-01,3889.44,0
2023-02-02,3607.06,0
2023-02-03,4195.38,0
2023-02-04,4376.25,0
2023-02-05,4856.83,0
2023-02-06,3821.98,0
2023-02-07,3138.64,0
2023-02-08,3650.12,0
2023-02-09,3965.3,0
2023-02-10,3806.05,0
2023-02-11,4388.4,0
2023-02-12,4356.87,0
2023-02-13,3493.36,0
2023-02-14,3254.04,0
2023-02-15,4807.76,1
2023-02-16,6161.48,1
2023-02-17,3933.46,0
2023-02-18,4793.9,0
2023-02-19,4372.09,0
2023-02-20,3406.7,0
2023-02-21,3547.01,0
2023-02-22,3686.09,0
2023-02-23,3958.24,0
2023-02-24,3875.28,0
2023-02-25,4591.24,0
2023-02-26,4677.43,0
2023-02-27,3609.8,0
2023-02-28,3508.94,0
2023-03-01,4041.84,0
2023-03-02,4040.66,0
2023-03-03,4914.32,0
2023-03-04,5576.76,0
2023-03-05,5130.07,0
2023-03-06,3860.5,0
2023-03-07,3895.9,0
2023-03-08,3405.49,0
2023-03-09,3997.04,0
2023-03-10,4741.47,0
2023-03-11,4983.66,0
2023-03-12,5235.54,0
2023-03-13,4071.19,0
2023-03-14,3623.11,0
2023-03-15,4205.34,0
2023-03-16,6536.03,1
2023-03-17,4622.25,0
2023-03-18,5897.78,0
2023-03-19,5299.87,0
2023-03-20,4055.04,0
2023-03-21,3920.33,0
2023-03-22,4460.43,0
2023-03-23,4137.38,0
2023-03-24,4360.26,0
2023-03-25,5411.64,0
2023-03-26,5570.82,0
2023-03-27,3794.79,0
2023-03-28,4033.54,0
2023-03-29,4492.88,0
2023-03-30,4656.81,0
2023-03-31,5024.51,0
2023-04-01,6757.28,0
2023-04-02,5570.49,0
2023-04-03,4281.5,0
2023-04-04,3756.7,0
2023-04-05,4474.34,0
2023-04-06,4831.97,0
2023-04-07,4991.48,0
2023-04-08,5828.0,0
2023-04-09,5756.95,0
2023-04-10,4481.83,0
2023-04-11,4163.78,0
2023-04-12,4238.68,0
2023-04-13,4480.71,0
2023-04-14,4330.02,0
2023-04-15,8828.39,1
2023-04-16,5941.61,0
2023-04-17,4063.65,0
2023-04-18,4298.95,0
2023-04-19,4935.98,0
2023-04-20,4507.94,0
2023-04-21,5095.61,0
2023-04-22,6304.74,0
2023-04-23,5574.73,0
2023-04-24,4131.15,0
2023-04-25,4314.89,0
2023-04-26,4546.13,0
2023-04-27,4779.0,0
2023-04-28,4869.17,0
2023-04-29,6533.87,0
2023-04-30,6142.05,0
2023-05-01,4589.57,0
2023-05-02,4559.23,0
2023-05-03,4519.33,0
2023-05-04,5250.98,0
2023-05-05,5163.58,0
2023-05-06,6495.65,0
2023-05-07,5726.49,0
2023-05-08,4407.61,0
2023-05-09,4695.27,0
2023-05-10,5025.73,0
2023-05-11,4852.72,0
2023-05-12,5188.92,0
2023-05-13,6567.91,0
2023-05-14,5897.36,0
2023-05-15,7247.61,1
2023-05-16,7124.39,1
2023-05-17,4888.25,0
2023-05-18,4681.89,0
2023-05-19,5411.4,0
2023-05-20,5623.18,0
2023-05-21,6569.82,0
2023-05-22,5007.66,0
2023-05-23,4199.52,0
2023-05-24,4260.01,0
2023-05-25,4411.28,0
2023-05-26,5827.17,0
2023-05-27,6129.05,0
2023-05-28,5930.95,0
2023-05-29,4555.96,0
2023-05-30,4511.18,0
2023-05-31,4391.09,0
2023-06-01,5154.64,0
2023-06-02,5238.82,0
2023-06-03,6610.53,0
2023-06-04,6386.21,0
2023-06-05,5027.95,0
2023-06-06,4720.04,0
2023-06-07,4680.06,0
2023-06-08,5212.99,0
2023-06-09,5584.46,0
2023-06-10,7285.81,0
2023-06-11,6579.72,0
2023-06-12,4872.36,0
2023-06-13,4666.05,0
2023-06-14,4754.81,0
2023-06-15,5031.8,0
2023-06-16,7803.01,1
2023-06-17,7071.57,0
2023-06-18,6062.68,0
2023-06-19,5042.17,0
2023-06-20,5434.81,0
2023-06-21,5306.49,0
2023-06-22,5188.87,0
2023-06-23,5933.49,0
2023-06-24,6904.63,0
2023-06-25,6622.55,0
2023-06-26,5083.75,0
2023-06-27,5012.55,0
2023-06-28,5115.72,0
2023-06-29,5191.61,0
2023-06-30,6258.5,0
2023-07-01,7440.32,0
2023-07-02,6107.2,0
2023-07-03,4825.0,0
2023-07-04,5147.32,0
2023-07-05,4857.4,0
2023-07-06,5331.42,0
2023-07-07,5923.87,0
2023-07-08,7064.56,0
2023-07-09,6375.11,0
2023-07-10,5902.35,0
2023-07-11,5251.76,0
2023-07-12,5432.13,0
2023-07-13,4953.1,0
2023-07-14,5487.74,0
2023-07-15,9365.59,1
2023-07-16,11042.15,1
2023-07-17,5490.2,0
2023-07-18,4520.26,0
2023-07-19,5266.5,0
2023-07-20,5424.49,0
2023-07-21,5836.14,0
2023-07-22,6119.95,0
2023-07-23,6075.13,0
2023-07-24,5212.05,0
2023-07-25,5334.95,0
2023-07-26,5204.39,0
2023-07-27,5976.02,0
2023-07-28,5747.91,0
2023-07-29,7696.41,0
2023-07-30,5777.2,0
2023-07-31,5161.2,0
2023-08-01,5051.16,0
2023-08-02,5284.84,0
2023-08-03,5614.92,0
2023-08-04,5550.42,0
2023-08-05,5942.27,0
2023-08-06,6352.91,0
2023-08-07,4603.29,0
2023-08-08,4955.55,0
2023-08-09,4755.36,0
2023-08-10,5227.23,0
2023-08-11,5886.21,0
2023-08-12,6913.27,0
2023-08-13,6195.38,0
2023-08-14,5430.53,0
2023-08-15,6130.8,1
2023-08-16,7452.47,1
2023-08-17,5182.07,0
2023-08-18,6329.66,0
2023-08-19,7089.88,0
2023-08-20,6157.79,0
2023-08-21,4914.54,0
2023-08-22,5023.16,0
2023-08-23,5535.16,0
2023-08-24,5618.1,0
2023-08-25,5975.84,0
2023-08-26,5882.68,0
2023-08-27,6754.76,0
2023-08-28,4691.54,0
2023-08-29,4484.23,0
2023-08-30,4917.46,0
2023-08-31,5400.28,0
2023-09-01,5592.28,0
2023-09-02,7442.49,0
2023-09-03,6010.27,0
2023-09-04,4522.1,0
2023-09-05,4980.57,0
2023-09-06,4859.21,0
2023-09-07,4878.47,0
2023-09-08,5282.64,0
2023-09-09,6451.5,0
2023-09-10,6661.85,0
2023-09-11,4955.03,0
2023-09-12,4579.29,0
2023-09-13,5085.34,0
2023-09-14,5096.54,0
2023-09-15,8642.7,1
2023-09-16,7157.99,0
2023-09-17,5887.77,0
2023-09-18,4781.16,0
2023-09-19,4923.82,0
2023-09-20,4796.26,0
2023-09-21,5147.71,0
2023-09-22,5408.45,0
2023-09-23,6637.02,0
2023-09-24,6771.22,0
2023-09-25,4604.57,0
2023-09-26,5367.35,0
2023-09-27,4671.24,0
2023-09-28,5075.44,0
2023-09-29,5706.49,0
2023-09-30,6941.64,0
2023-10-01,6126.3,0
2023-10-02,4511.17,0
2023-10-03,5235.47,0
2023-10-04,5471.8,0
2023-10-05,5653.57,0
2023-10-06,7028.49,0
2023-10-07,7115.54,0
2023-10-08,6739.61,0
2023-10-09,5466.81,0
2023-10-10,5179.99,0
2023-10-11,5762.12,0
2023-10-12,5060.79,0
2023-10-13,5952.52,0
2023-10-14,5594.03,0
2023-10-15,6537.32,0
2023-10-16,5369.98,0
2023-10-17,5082.14,0
2023-10-18,5175.52,0
2023-10-19,5319.93,0
2023-10-20,5801.91,0
2023-10-21,6806.29,0
2023-10-22,6936.98,0
2023-10-23,5222.58,0
2023-10-24,5120.37,0
2023-10-25,5217.67,0
2023-10-26,5803.59,0
2023-10-27,6310.07,0
2023-10-28,7035.95,0
2023-10-29,6969.25,0
2023-10-30,5180.02,0
2023-10-31,4762.38,0
2023-11-01,7394.25,0
2023-11-02,7294.26,0
2023-11-03,7450.45,0
2023-11-04,9745.28,0
2023-11-05,8823.1,0
2023-11-06,6109.71,0
2023-11-07,7236.44,0
2023-11-08,6958.56,0
2023-11-09,7499.46,0
2023-11-10,8023.69,0
2023-11-11,9099.52,0
2023-11-12,7866.14,0
2023-11-13,7158.31,0
2023-11-14,6631.92,0
2023-11-15,8554.92,1
2023-11-16,7110.0,0
2023-11-17,8745.62,0
2023-11-18,9615.27,0
2023-11-19,8416.5,0
2023-11-20,6642.4,0
2023-11-21,7633.3,0
2023-11-22,6627.18,0
2023-11-23,6939.23,0
2023-11-24,11742.5,1
2023-11-25,9647.28,0
2023-11-26,9605.61,0
2023-11-27,6823.3,0
2023-11-28,7152.52,0
2023-11-29,6593.68,0
2023-11-30,7276.31,0
2023-12-01,9148.71,0
2023-12-02,10716.36,0
2023-12-03,10732.84,0
2023-12-04,8964.58,0
2023-12-05,7366.99,0
2023-12-06,7659.01,0
2023-12-07,8524.72,0
2023-12-08,8636.83,0
2023-12-09,10995.19,0
2023-12-10,10429.47,0
2023-12-11,7734.29,0
2023-12-12,7943.09,0
2023-12-13,7218.18,0
2023-12-14,8682.59,0
2023-12-15,8392.5,0
2023-12-16,13598.55,1
2023-12-17,10924.11,0
2023-12-18,8166.22,0
2023-12-19,7868.53,0
2023-12-20,12087.18,1
2023-12-21,10742.4,1
2023-12-22,12362.02,1
2023-12-23,19256.62,1
2023-12-24,16154.93,1
2023-12-25,10415.66,1
2023-12-26,10854.75,1
2023-12-27,7502.21,0
2023-12-28,8408.46,0
2023-12-29,9885.93,0
2023-12-30,10074.19,0
2023-12-31,9552.48,0
2024-01-01,6510.21,1
2024-01-02,4806.97,1
2024-01-03,6268.6,1
2024-01-04,4650.13,0
2024-01-05,4489.35,0
2024-01-06,5973.46,0
2024-01-07,5345.66,0
2024-01-08,4287.92,0
2024-01-09,4027.84,0
2024-01-10,4303.71,0
2024-01-11,4596.19,0
2024-01-12,4581.49,0
2024-01-13,5443.02,0
2024-01-14,5570.23,0
2024-01-15,3945.04,0
2024-01-16,4028.46,0
2024-01-17,3734.59,0
2024-01-18,3696.31,0
2024-01-19,5114.76,0
2024-01-20,5845.78,0
2024-01-21,5560.93,0
2024-01-22,3705.91,0
2024-01-23,4109.26,0
2024-01-24,4149.3,0
2024-01-25,4332.49,0
2024-01-26,5007.46,0
2024-01-27,5971.02,0
2024-01-28,6118.09,0
2024-01-29,3652.76,0
2024-01-30,3781.48,0
2024-01-31,3848.5,0
2024-02-01,4880.46,0
2024-02-02,4782.22,0
2024-02-03,5878.32,0
2024-02-04,5609.18,0
2024-02-05,3659.18,0
2024-02-06,4442.68,0
2024-02-07,4533.41,0
2024-02-08,4367.86,0
2024-02-09,4874.86,0
2024-02-10,5681.29,0
2024-02-11,5622.52,0
2024-02-12,4337.67,0
2024-02-13,4375.16,0
2024-02-14,4025.76,0
2024-02-15,5379.51,1
2024-02-16,7643.48,1
2024-02-17,6108.28,0
2024-02-18,5676.22,0
2024-02-19,4734.54,0
2024-02-20,4116.54,0
2024-02-21,4317.67,0
2024-02-22,4754.04,0
2024-02-23,5232.01,0
2024-02-24,5372.51,0
2024-02-25,5377.27,0
2024-02-26,4438.63,0
2024-02-27,4298.95,0
2024-02-28,4269.16,0
2024-02-29,4285.11,0
2024-03-01,5502.17,0
2024-03-02,6764.04,0
2024-03-03,6384.33,0
2024-03-04,4672.69,0
2024-03-05,4403.72,0
2024-03-06,4690.13,0
2024-03-07,4489.04,0
2024-03-08,5914.58,0
2024-03-09,6828.97,0
2024-03-10,6094.01,0
2024-03-11,4909.26,0
2024-03-12,5084.23,0
2024-03-13,4824.28,0
2024-03-14,5056.01,0
2024-03-15,5044.77,0
2024-03-16,10621.55,1
2024-03-17,5908.61,0
2024-03-18,4815.79,0
2024-03-19,5026.15,0
2024-03-20,4864.73,0
2024-03-21,4619.91,0
2024-03-22,5043.44,0
2024-03-23,6962.85,0
2024-03-24,6413.02,0
2024-03-25,4555.05,0
2024-03-26,4929.21,0
2024-03-27,4990.32,0
2024-03-28,5253.15,0
2024-03-29,4869.21,0
2024-03-30,6403.97,0
2024-03-31,6492.52,0
2024-04-01,5294.8,0
2024-04-02,5226.11,0
2024-04-03,4374.84,0
2024-04-04,5408.83,0
2024-04-05,6140.57,0
2024-04-06,7963.89,0
2024-04-07,6149.35,0
2024-04-08,4987.21,0
2024-04-09,4990.09,0
2024-04-10,5421.37,0
2024-04-11,5228.65,0
2024-04-12,6395.25,0
2024-04-13,6600.82,0
2024-04-14,6648.1,0
2024-04-15,4942.38,0
2024-04-16,7397.38,1
2024-04-17,4685.07,0
2024-04-18,5481.33,0
2024-04-19,6232.96,0
2024-04-20,6543.3,0
2024-04-21,6844.37,0
2024-04-22,5002.95,0
2024-04-23,5113.99,0
2024-04-24,5189.68,0
2024-04-25,5926.71,0
2024-04-26,6105.09,0
2024-04-27,6899.55,0
2024-04-28,5970.31,0
2024-04-29,4938.33,0
2024-04-30,5586.23,0
2024-05-01,5619.08,0
2024-05-02,6050.56,0
2024-05-03,6706.43,0
2024-05-04,6772.71,0
2024-05-05,6772.31,0
2024-05-06,5306.38,0
2024-05-07,5620.34,0
2024-05-08,5186.7,0
2024-05-09,5546.9,0
2024-05-10,6153.02,0
2024-05-11,6980.86,0
2024-05-12,6891.38,0
2024-05-13,5467.94,0
2024-05-14,5053.39,0
2024-05-15,7957.95,1
2024-05-16,5535.18,0
2024-05-17,6461.57,0
2024-05-18,7200.99,0
2024-05-19,7031.29,0
2024-05-20,5698.79,0
2024-05-21,5587.87,0
2024-05-22,5822.85,0
2024-05-23,5966.39,0
2024-05-24,6308.42,0
2024-05-25,7424.92,0
2024-05-26,6905.84,0
2024-05-27,5372.84,0
2024-05-28,5301.37,0
2024-05-29,4966.96,0
2024-05-30,5665.63,0
2024-05-31,6430.41,0
2024-06-01,7372.04,0
2024-06-02,7383.82,0
2024-06-03,5946.21,0
2024-06-04,5589.29,0
2024-06-05,6562.91,0
2024-06-06,5137.21,0
2024-06-07,6699.2,0
2024-06-08,6994.21,0
2024-06-09,7854.14,0
2024-06-10,6707.56,0
2024-06-11,4812.79,0
2024-06-12,5899.26,0
2024-06-13,6299.15,0
2024-06-14,6681.26,0
2024-06-15,8037.16,0
2024-06-16,11166.25,1
2024-06-17,6206.84,0
2024-06-18,6290.88,0
2024-06-19,5771.58,0
2024-06-20,6796.14,0
2024-06-21,7126.29,0
2024-06-22,8343.99,0
2024-06-23,7733.39,0
2024-06-24,5707.78,0
2024-06-25,5666.15,0
2024-06-26,6310.03,0
2024-06-27,6105.27,0
2024-06-28,6950.17,0
2024-06-29,8046.32,0
2024-06-30,7731.47,0
2024-07-01,6509.47,0
2024-07-02,5673.28,0
2024-07-03,6254.74,0
2024-07-04,6202.16,0
2024-07-05,7111.64,0
2024-07-06,7945.09,0
2024-07-07,7080.15,0
2024-07-08,5928.77,0
2024-07-09,5441.55,0
2024-07-10,6671.85,0
2024-07-11,5890.63,0
2024-07-12,6898.15,0
2024-07-13,8379.3,0
2024-07-14,7604.78,0
2024-07-15,5797.54,0
2024-07-16,5658.99,0
2024-07-17,6014.16,0
2024-07-18,7547.74,0
2024-07-19,6754.48,0
2024-07-20,8015.97,0
2024-07-21,7822.84,0
2024-07-22,5674.16,0
2024-07-23,6197.63,0
2024-07-24,6681.62,0
2024-07-25,7083.06,0
2024-07-26,7370.41,0
2024-07-27,8244.03,0
2024-07-28,8469.44,0
2024-07-29,6567.44,0
2024-07-30,5908.03,0
2024-07-31,5991.71,0
2024-08-01,5968.09,0
2024-08-02,7066.97,0
2024-08-03,8057.76,0
2024-08-04,7981.94,0
2024-08-05,6332.29,0
2024-08-06,5427.89,0
2024-08-07,6183.22,0
2024-08-08,6424.39,0
2024-08-09,6843.64,0
2024-08-10,8182.41,0
2024-08-11,8292.42,0
2024-08-12,5979.29,0
2024-08-13,5830.44,0
2024-08-14,5918.84,0
2024-08-15,8538.42,1
2024-08-16,6761.2,0
2024-08-17,7933.03,0
2024-08-18,7285.84,0
2024-08-19,5686.93,0
2024-08-20,6391.14,0
2024-08-21,6680.9,0
2024-08-22,6314.44,0
2024-08-23,7263.52,0
2024-08-24,8706.92,0
2024-08-25,8053.52,0
2024-08-26,6424.9,0
2024-08-27,5419.63,0
2024-08-28,5829.64,0
2024-08-29,6497.61,0
2024-08-30,7653.19,0
2024-08-31,8210.05,0
2024-09-01,6821.63,0
2024-09-02,5490.59,0
2024-09-03,5272.83,0
2024-09-04,5383.72,0
2024-09-05,6456.32,0
2024-09-06,6349.85,0
2024-09-07,7648.81,0
2024-09-08,8151.01,0
2024-09-09,6027.77,0
2024-09-10,5618.98,0
2024-09-11,5485.02,0
2024-09-12,6087.93,0
2024-09-13,7262.44,0
2024-09-14,7950.21,0
2024-09-15,10766.4,1
2024-09-16,8158.99,1
2024-09-17,5050.93,0
2024-09-18,5690.73,0
2024-09-19,6046.47,0
2024-09-20,6411.98,0
2024-09-21,7545.98,0
2024-09-22,7603.65,0
2024-09-23,6343.74,0
2024-09-24,5752.28,0
2024-09-25,5842.43,0
2024-09-26,5422.87,0
2024-09-27,7430.89,0
2024-09-28,7748.1,0
2024-09-29,7269.11,0
2024-09-30,5300.29,0
2024-10-01,5937.42,0
2024-10-02,5754.04,0
2024-10-03,6454.32,0
2024-10-04,7359.31,0
2024-10-05,8305.18,0
2024-10-06,7960.34,0
2024-10-07,5794.6,0
2024-10-08,6489.38,0
2024-10-09,5936.52,0
2024-10-10,5743.96,0
2024-10-11,7100.96,0
2024-10-12,7934.91,0
2024-10-13,7378.01,0
2024-10-14,5995.67,0
2024-10-15,5716.18,0
2024-10-16,6155.82,0
2024-10-17,6732.79,0
2024-10-18,7138.87,0
2024-10-19,8406.34,0
2024-10-20,7822.12,0
2024-10-21,6127.96,0
2024-10-22,6279.0,0
2024-10-23,6183.49,0
2024-10-24,5552.33,0
2024-10-25,7218.13,0
2024-10-26,7922.27,0
2024-10-27,8212.68,0
2024-10-28,5939.34,0
2024-10-29,6087.54,0
2024-10-30,7052.64,0
2024-10-31,6100.15,0
2024-11-01,8692.94,0
2024-11-02,9880.03,0
2024-11-03,8729.51,0
2024-11-04,7055.51,0
2024-11-05,7952.63,0
2024-11-06,7737.45,0
2024-11-07,7454.28,0
2024-11-08,8519.69,0
2024-11-09,11229.54,0
2024-11-10,9751.03,0
2024-11-11,7801.43,0
2024-11-12,7961.93,0
2024-11-13,8727.87,0
2024-11-14,9402.82,0
2024-11-15,12546.86,1
2024-11-16,16791.74,1
2024-11-17,10540.99,0
2024-11-18,8140.13,0
2024-11-19,7856.54,0
2024-11-20,7853.75,0
2024-11-21,7776.32,0
2024-11-22,14033.94,1
2024-11-23,10657.08,0
2024-11-24,9797.25,0
2024-11-25,7781.34,0
2024-11-26,8216.13,0
2024-11-27,7300.56,0
2024-11-28,8621.28,0
2024-11-29,9308.93,0
2024-11-30,11912.82,0
2024-12-01,10689.61,0
2024-12-02,9494.45,0
2024-12-03,8960.87,0
2024-12-04,9430.46,0
2024-12-05,10036.61,0
2024-12-06,12110.43,0
2024-12-07,12906.07,0
2024-12-08,12276.14,0
2024-12-09,8545.63,0
2024-12-10,9427.9,0
2024-12-11,8676.21,0
2024-12-12,9730.45,0
2024-12-13,11200.68,0
2024-12-14,13673.37,0
2024-12-15,17190.67,1
2024-12-16,11675.55,1
2024-12-17,9551.98,0
2024-12-18,9299.35,0
2024-12-19,9272.57,0
2024-12-20,15939.85,1
2024-12-21,19302.98,1
2024-12-22,18615.19,1
2024-12-23,13251.26,1
2024-12-24,13148.08,1
2024-12-25,14628.8,1
2024-12-26,13288.25,1
2024-12-27,10759.13,0
2024-12-28,12909.86,0
2024-12-29,11606.87,0
2024-12-30,9741.9,0
2024-12-31,9168.02,0
2025-01-01,7458.51,1
2025-01-02,7249.54,1
2025-01-03,8172.64,1
2025-01-04,6340.39,0
2025-01-05,5871.8,0
2025-01-06,4857.75,0
2025-01-07,4854.16,0
2025-01-08,4706.62,0
2025-01-09,5354.55,0
2025-01-10,5605.63,0
2025-01-11,6737.81,0
2025-01-12,6801.77,0
2025-01-13,4723.18,0
2025-01-14,4761.89,0
2025-01-15,5375.64,0
2025-01-16,5399.39,0
2025-01-17,5831.28,0
2025-01-18,6079.83,0
2025-01-19,6021.44,0
2025-01-20,5113.07,0
2025-01-21,4300.39,0
2025-01-22,5319.99,0
2025-01-23,5706.44,0
2025-01-24,6110.11,0
2025-01-25,6912.25,0
2025-01-26,6315.78,0
2025-01-27,4842.63,0
2025-01-28,5407.08,0
2025-01-29,4662.45,0
2025-01-30,5165.76,0
2025-01-31,5944.6,0
2025-02-01,6633.32,0
2025-02-02,5990.31,0
2025-02-03,5123.72,0
2025-02-04,4939.99,0
2025-02-05,4581.82,0
2025-02-06,5135.06,0
2025-02-07,5657.94,0
2025-02-08,6743.51,0
2025-02-09,6673.31,0
2025-02-10,5295.71,0
2025-02-11,4577.6,0
2025-02-12,5099.38,0
2025-02-13,5136.21,0
2025-02-14,5369.04,0
2025-02-15,7142.68,0
2025-02-16,9471.82,1
2025-02-17,4917.28,0
2025-02-18,5047.89,0
2025-02-19,5368.16,0
2025-02-20,5168.58,0
2025-02-21,5298.05,0
2025-02-22,7033.82,0
2025-02-23,6702.45,0
2025-02-24,5085.53,0
2025-02-25,5238.5,0
2025-02-26,4960.34,0
2025-02-27,5338.38,0
2025-02-28,5866.53,0
2025-03-01,7855.23,0
2025-03-02,7859.51,0
2025-03-03,5510.55,0
2025-03-04,6150.88,0
2025-03-05,6180.13,0
2025-03-06,6187.21,0
2025-03-07,6811.56,0
2025-03-08,8428.49,0
2025-03-09,7117.64,0
2025-03-10,5574.95,0
2025-03-11,5142.92,0
2025-03-12,5839.91,0
2025-03-13,6403.88,0
2025-03-14,6811.58,0
2025-03-15,9889.59,1
2025-03-16,10750.37,1
2025-03-17,5257.31,0
2025-03-18,5262.13,0
2025-03-19,5415.0,0
2025-03-20,6249.62,0
2025-03-21,7042.1,0
2025-03-22,7042.85,0
2025-03-23,7643.83,0
2025-03-24,5949.35,0
2025-03-25,5335.93,0
2025-03-26,5205.22,0
2025-03-27,5696.73,0
2025-03-28,6390.11,0
2025-03-29,7849.88,0
2025-03-30,7108.48,0
2025-03-31,4976.75,0
2025-04-01,5935.79,0
2025-04-02,5494.53,0
2025-04-03,6657.82,0
2025-04-04,6524.7,0
2025-04-05,7806.32,0
2025-04-06,7298.03,0
2025-04-07,5804.79,0
2025-04-08,6329.68,0
2025-04-09,6381.18,0
2025-04-10,6563.53,0
2025-04-11,7191.58,0
2025-04-12,7412.02,0
2025-04-13,7475.69,0
2025-04-14,5819.91,0
2025-04-15,7933.12,1
2025-04-16,5830.75,0
2025-04-17,6574.46,0
2025-04-18,6964.12,0
2025-04-19,7714.78,0
2025-04-20,7076.04,0
2025-04-21,5716.61,0
2025-04-22,6174.5,0
2025-04-23,6210.41,0
2025-04-24,6358.19,0
2025-04-25,6858.28,0
2025-04-26,8144.21,0
2025-04-27,7985.57,0
2025-04-28,5211.02,0
2025-04-29,5765.46,0
2025-04-30,6108.43,0
2025-05-01,6282.2,0
2025-05-02,7245.26,0
2025-05-03,8555.73,0
2025-05-04,7623.42,0
2025-05-05,5934.22,0
2025-05-06,5718.51,0
2025-05-07,6076.53,0
2025-05-08,6696.8,0
2025-05-09,7816.2,0
2025-05-10,8595.43,0
2025-05-11,8029.09,0
2025-05-12,6064.72,0
2025-05-13,6295.58,0
2025-05-14,6294.09,0
2025-05-15,6689.44,0
2025-05-16,10658.23,1
2025-05-17,9282.48,0
2025-05-18,8295.83,0
2025-05-19,5912.34,0
2025-05-20,6580.32,0
2025-05-21,6329.53,0
2025-05-22,7052.79,0
2025-05-23,7690.04,0
2025-05-24,9620.12,0
2025-05-25,8844.09,0
2025-05-26,6282.98,0
2025-05-27,6452.55,0
2025-05-28,7225.41,0
2025-05-29,6598.16,0
2025-05-30,7792.06,0
2025-05-31,9422.27,0
2025-06-01,9378.19,0
2025-06-02,7013.81,0
2025-06-03,6129.96,0
2025-06-04,6361.61,0
2025-06-05,7288.22,0
2025-06-06,8185.54,0
2025-06-07,10679.0,0
2025-06-08,8296.11,0
2025-06-09,7289.62,0
2025-06-10,6987.17,0
2025-06-11,6211.76,0
2025-06-12,6850.68,0
2025-06-13,8105.08,0
2025-06-14,9017.27,0
2025-06-15,8694.72,0
2025-06-16,10527.45,1
2025-06-17,7087.82,0
2025-06-18,6916.36,0
2025-06-19,7684.17,0
2025-06-20,8064.44,0
2025-06-21,9359.77,0
2025-06-22,8728.24,0
2025-06-23,6537.61,0
2025-06-24,6731.76,0
2025-06-25,7301.34,0
2025-06-26,6793.89,0
2025-06-27,8141.79,0
2025-06-28,8816.08,0
2025-06-29,8241.24,0
2025-06-30,6272.34,0
